,phase,letter,model_group,datastream_scheme,location_scheme,ds_combo,l_combo,input_days,output_days,loss,mse,binary_accuracy,precision,recall,true_positives,true_negatives,false_positives,false_negatives,dataset_size,training_time,experiment_name,dataset_name,epochs,inputs,outputs,f1
0,4,AD,0,0,0,0,0,30,10,0.1785801202058792,0.17858007550239566,0.6816666722297668,0.4903076589107514,0.2985091209411621,13355.0,83578.0,13883.0,31384.0,23697,46.05845046043396,4_AD_8,4_AD_0_0_0_0_0_30_10,13,13,3,0.37109075767795996
1,4,AD,0,0,0,0,0,30,10,0.20950007438659668,0.20950017869472504,0.6905415058135986,0.5107681751251221,0.3891012370586395,17408.0,80787.0,16674.0,27331.0,23697,54.83627581596375,4_AD_32,4_AD_0_0_0_0_0_30_10,15,13,3,0.44170971054360986
2,4,AD,0,0,0,0,0,30,10,0.2435736358165741,0.2435735613107681,0.6431786417961121,0.4286665320396423,0.4030264317989349,18031.0,73429.0,24032.0,26708.0,23697,50.63235592842102,4_AD_64,4_AD_0_0_0_0_0_30_10,14,13,3,0.4154512550934421
