,phase,letter,model_group,datastream_scheme,location_scheme,ds_combo,l_combo,input_days,output_days,loss,mse,binary_accuracy,precision,recall,true_positives,true_negatives,false_positives,false_negatives,dataset_size,training_time,experiment_name,dataset_name,epochs,inputs,outputs,f1
0,4,A,0,0,0,0,0,30,10,0.23213140666484836,0.23213136196136475,0.677798867225647,0.4875657558441162,0.4724066257476807,21135.0,75248.0,22213.0,23604.0,23697,77.5238814353943,4_A_8,4_A_0_0_0_0_0_30_10,22,18,3,0.47986650025600003
1,4,A,0,0,0,0,0,30,10,0.17373216152191162,0.1737322062253952,0.7026441693305969,0.5577511191368103,0.26498132944107056,11855.0,88061.0,9400.0,32884.0,23697,39.93917798995972,4_A_32,4_A_0_0_0_0_0_30_10,11,18,3,0.3592750797700587
2,4,A,0,0,0,0,0,30,10,0.18115222454071045,0.18115219473838806,0.647018313407898,0.4165825545787811,0.3044547140598297,13621.0,78385.0,19076.0,31118.0,23697,40.078469514846795,4_A_64,4_A_0_0_0_0_0_30_10,11,18,3,0.35180018579640043
