,phase,letter,model_group,datastream_scheme,location_scheme,ds_combo,l_combo,input_days,output_days,loss,mse,binary_accuracy,precision,recall,true_positives,true_negatives,false_positives,false_negatives,dataset_size,training_time,experiment_name,dataset_name,epochs,inputs,outputs,f1
0,4,C,0,1,0,1,0,30,10,0.186770021915436,0.186769962310791,0.705014050006866,0.536557912826538,0.457967311143875,20489,79764,17697,24250,23697,43.0175457000732,4_C_8,4_C_0_1_0_1_0_30_10,12,5,3,0.494157370145193
1,4,C,0,1,0,1,0,30,10,0.210326328873634,0.210326328873634,0.685407876968384,0.500039517879486,0.565703272819519,25309,72156,25305,19430,23697,48.0847237110138,4_C_32,4_C_0_1_0_1_0_30_10,13,5,3,0.530848520435192
2,4,C,0,1,0,1,0,30,10,0.211456105113029,0.211456030607223,0.673277080059052,0.479910343885422,0.459464907646179,20556,75184,22277,24183,23697,39.8761005401611,4_C_64,4_C_0_1_0_1_0_30_10,11,5,3,0.469465129025371
3,4,C,0,1,0,2,0,30,10,0.17545747756958,0.175457522273064,0.68537974357605,0,0,0,97461,0,44739,23697,86.4404346942902,4_C_8,4_C_0_1_0_2_0_30_10,24,5,3,0
4,4,C,0,1,0,2,0,30,10,0.176341310143471,0.176341310143471,0.68537974357605,0,0,0,97461,0,44739,23697,94.0428576469421,4_C_32,4_C_0_1_0_2_0_30_10,26,5,3,0
5,4,C,0,1,0,2,0,30,10,0.175672471523285,0.175672426819801,0.68537974357605,0,0,0,97461,0,44739,23697,54.24200963974,4_C_64,4_C_0_1_0_2_0_30_10,15,5,3,0
6,4,C,0,1,0,3,0,30,10,0.187211558222771,0.18721154332161,0.649324893951416,0.423112690448761,0.315317720174789,14107,78227,19234,30632,23697,47.3521766662598,4_C_8,4_C_0_1_0_3_0_30_10,13,8,3,0.361347330797673
7,4,C,0,1,0,3,0,30,10,0.176412865519524,0.17641294002533,0.652461349964142,0.427951365709305,0.310735613107681,13902,78878,18583,30837,23697,39.4656190872192,4_C_32,4_C_0_1_0_3_0_30_10,11,8,3,0.360043519968143
8,4,C,0,1,0,3,0,30,10,0.194711983203888,0.194711893796921,0.6605344414711,0.453099697828293,0.381456881761551,17066,76862,20599,27673,23697,43.2201828956604,4_C_64,4_C_0_1_0_3_0_30_10,12,8,3,0.414203187866844
