,phase,letter,model_group,datastream_scheme,location_scheme,ds_combo,l_combo,input_days,output_days,loss,mse,binary_accuracy,precision,recall,true_positives,true_negatives,false_positives,false_negatives,dataset_size,training_time,experiment_name,dataset_name,epochs,inputs,outputs,f1
0,4,F,0,1,0,1,0,30,10,0.1985590159893036,0.19855897128582,0.7036778926849365,0.5258145332336426,0.5923243761062622,26500.0,73563.0,23898.0,18239.0,23697,57.00741624832153,4_F_8,4_F_0_1_0_1_0_30_10,16,4,3,0.5570913644872434
1,4,F,0,1,0,1,0,30,10,0.19603341817855835,0.1960334032773972,0.6415330767631531,0.4350399076938629,0.46666219830513,20878.0,70348.0,27113.0,23861.0,23697,39.27326655387878,4_F_32,4_F_0_1_0_1_0_30_10,11,4,3,0.45029656318692385
2,4,F,0,1,0,1,0,30,10,0.23287904262542725,0.23287908732891086,0.6220253109931946,0.4303086698055267,0.6216723918914795,27813.0,60639.0,36822.0,16926.0,23697,39.69143962860107,4_F_64,4_F_0_1_0_1_0_30_10,11,4,3,0.508585239316203
3,4,F,0,1,0,2,0,30,10,0.17433437705039978,0.17433440685272214,0.6852883100509644,0.467980295419693,0.00212342687882483,95.0,97353.0,108.0,44644.0,23697,67.28048276901245,4_F_8,4_F_0_1_0_2_0_30_10,19,4,3,0.00422767100501086
4,4,F,0,1,0,2,0,30,10,0.16600774228572845,0.16600777208805084,0.7515400648117065,0.6324995756149292,0.5019111037254333,22455.0,84414.0,13047.0,22284.0,23697,119.1015923023224,4_F_32,4_F_0_1_0_2_0_30_10,33,4,3,0.5596889484280123
5,4,F,0,1,0,2,0,30,10,0.17707820236682892,0.17707815766334534,0.6854430437088013,1.0,0.0002011667675105855,9.0,97461.0,0.0,44730.0,23697,41.14729499816895,4_F_64,4_F_0_1_0_2_0_30_10,11,4,3,0.000402252615162856
6,4,F,0,1,0,3,0,30,10,0.17880599200725555,0.17880593240261078,0.676139235496521,0.477478414773941,0.3113391101360321,13929.0,82218.0,15243.0,30810.0,23697,53.167336702346795,4_F_8,4_F_0_1_0_3_0_30_10,15,6,3,0.37691278418756774
7,4,F,0,1,0,3,0,30,10,0.1700209379196167,0.1700209379196167,0.7308650016784668,0.5950393676757812,0.4525805115699768,20248.0,83681.0,13780.0,24491.0,23697,49.00027632713318,4_F_32,4_F_0_1_0_3_0_30_10,13,6,3,0.5141239236904659
8,4,F,0,1,0,3,0,30,10,0.21094797551631927,0.21094805002212524,0.7089240550994873,0.541772723197937,0.4852812886238098,21711.0,79098.0,18363.0,23028.0,23697,54.75715780258179,4_F_64,4_F_0_1_0_3_0_30_10,15,6,3,0.5119733961963354
