letter,input_days,output_days,experiment_name,weighted_metric
C,30,10,2_C_8,0.05850928442476616
C,30,10,2_C_32,0.3588702145918891
C,30,10,2_C_64,0.29585327253191485
