letter,input_days,output_days,experiment_name,weighted_metric
C,30,10,2_C_8,0.21872015713129
C,30,10,2_C_32,0.2977412763968083
C,30,10,2_C_64,0.088273032821165
