letter,input_days,output_days,experiment_name,weighted_metric
F,30,10,2_F_8,0.04983165166430565
F,30,10,2_F_32,0.27062705821883143
F,30,10,2_F_64,0.22416727496951286
