letter,input_days,output_days,experiment_name,weighted_metric
T,30,10,8_T_8,0.8613861530607276
T,30,10,8_T_32,0.8537378017591081
T,30,10,8_T_64,0.9775280912571702
