,letters,metric
0,C,0.3214985984257625
1,AD,0.6017728739227178
