letter,input_days,output_days,experiment_name,weighted_metric
A,30,10,3_A_8,0.3437005271478865
A,30,10,3_A_32,0.0917656698287868
A,30,10,3_A_64,0.11108430079165534
