letter,input_days,output_days,experiment_name,weighted_metric
AD,30,10,3_AD_8,0.20433437021370854
AD,30,10,3_AD_32,0.18305224231655087
AD,30,10,3_AD_64,0.10674753449675847
