letter,input_days,output_days,experiment_name,weighted_metric
F,30,10,3_F_8,0.44896597141131395
F,30,10,3_F_32,0.2999887896141051
F,30,10,3_F_64,0.43765646375084044
