letter,input_days,output_days,experiment_name,weighted_metric
F,30,10,3_F_8,0.4208188249421417
F,30,10,3_F_32,0.36231822059986357
F,30,10,3_F_64,0.3022825828465154
