letter,input_days,output_days,experiment_name,weighted_metric
G,30,10,3_G_8,0.4374914394553813
G,30,10,3_G_32,0.2219230978416268
G,30,10,3_G_64,0.3457379118183729
