letter,input_days,output_days,experiment_name,weighted_metric
T,30,10,3_T_8,0.16088687240759295
T,30,10,3_T_32,0.2563610639847765
T,30,10,3_T_64,0.3220066718813805
