letter,input_days,output_days,experiment_name,weighted_metric
F,30,10,1_F_8,0.0022317832093297816
F,30,10,1_F_32,0.0003438587963399994
F,30,10,1_F_64,0.0003328522442542534
