,letter,input_days,output_days,experiment_name,weighted_metric
2,G,30,10,1_G_64,0.0003339904942549765
2,F,30,10,1_F_64,0.00033285224425425334
