,phase,letter,model_group,datastream_scheme,location_scheme,ds_combo,l_combo,input_days,output_days,loss,mse,binary_accuracy,precision,recall,true_positives,true_negatives,false_positives,false_negatives,dataset_size,training_time,experiment_name,dataset_name,epochs,inputs,outputs,f1
0,6,AD,0,0,0,0,0,30,10,0.07557516545057298,0.07557519525289537,0.9042652249336244,0.02365697361528873,0.11034482717514038,96.0,44638.0,3962.0,774.0,24734,81.13282060623169,6_AD_8,6_AD_0_0_0_0_0_30_10,22,10,1,0.038961038578107475
1,6,AD,0,0,0,0,0,30,10,0.02058806642889976,0.020588068291544914,0.9812613725662231,0.0,0.0,0.0,48543.0,57.0,870.0,24734,55.3476197719574,6_AD_32,6_AD_0_0_0_0_0_30_10,15,10,1,
2,6,AD,0,0,0,0,0,30,10,0.02470509335398674,0.024705100804567337,0.9820092916488647,0.0,0.0,0.0,48580.0,20.0,870.0,24734,57.85990834236145,6_AD_64,6_AD_0_0_0_0_0_30_10,15,10,1,
