,phase,letter,model_group,datastream_scheme,location_scheme,ds_combo,l_combo,input_days,output_days,loss,mse,binary_accuracy,precision,recall,true_positives,true_negatives,false_positives,false_negatives,dataset_size,training_time,experiment_name,dataset_name,epochs,inputs,outputs,f1
0,6,F,0,1,0,2,0,30,10,0.038139019161462784,0.038139019161462784,0.9824135899543762,0.0,0.0,0.0,48600.0,0.0,870.0,24734,88.60299038887024,6_F_8,6_F_0_1_0_2_0_30_10,24,4,1,
1,6,F,0,1,0,2,0,30,10,0.042628228664398186,0.042628247290849686,0.9824135899543762,0.0,0.0,0.0,48600.0,0.0,870.0,24734,58.874581813812256,6_F_32,6_F_0_1_0_2_0_30_10,16,4,1,
2,6,F,0,1,0,2,0,30,10,0.04184289276599884,0.04184289649128914,0.9824135899543762,0.0,0.0,0.0,48600.0,0.0,870.0,24734,72.18399190902709,6_F_64,6_F_0_1_0_2_0_30_10,19,4,1,
3,6,F,0,1,0,3,0,30,10,0.004142296500504017,0.004142296966165304,0.999191403388977,0.9560439586639404,1.0,870.0,48560.0,40.0,0.0,24734,80.97815012931824,6_F_8,6_F_0_1_0_3_0_30_10,22,6,1,0.9775280912571702
4,6,F,0,1,0,3,0,30,10,0.007489585317671298,0.007489587180316448,0.996280550956726,0.8254269361495972,1.0,870.0,48416.0,184.0,0.0,24734,60.085415363311775,6_F_32,6_F_0_1_0_3_0_30_10,16,6,1,0.904365899070914
5,6,F,0,1,0,3,0,30,10,0.04000049456954002,0.040000513195991516,0.9818071722984314,0.0,0.0,0.0,48570.0,30.0,870.0,24734,64.02913880348207,6_F_64,6_F_0_1_0_3_0_30_10,17,6,1,
