,phase,letter,model_group,datastream_scheme,location_scheme,ds_combo,l_combo,input_days,output_days,loss,mse,binary_accuracy,precision,recall,true_positives,true_negatives,false_positives,false_negatives,dataset_size,training_time,experiment_name,dataset_name,epochs,inputs,outputs,f1
0,6,G,0,0,0,0,0,30,10,0.0055688670836389065,0.005568868480622768,0.9964827299118042,0.8565573692321777,0.9609195590019226,836.0,48460.0,140.0,34.0,24734,128.60407900810242,6_G_8,6_G_0_0_0_0_0_30_10,35,10,1,0.9057421491475615
1,6,G,0,0,0,0,0,30,10,0.011666871607303621,0.011666870675981043,0.9932281970977784,0.8356336355209351,0.7655172348022461,666.0,48469.0,131.0,204.0,24734,89.60355377197266,6_G_32,6_G_0_0_0_0_0_30_10,24,10,1,0.7990401926866727
2,6,G,0,0,0,0,0,30,10,0.009251279756426813,0.009251278825104237,0.9984232783317566,0.9177215099334716,1.0,870.0,48522.0,78.0,0.0,24734,105.45044803619385,6_G_64,6_G_0_0_0_0_0_30_10,28,10,1,0.9570957046472389
