letter,input_days,output_days,experiment_name,weighted_metric
C,30,10,23_C_8,0.6843303382113727
C,30,10,23_C_32,0.6706554864862682
C,30,10,23_C_64,0.696718862680321
