letter,input_days,output_days,experiment_name,weighted_metric
F,30,10,23_F_8,0.6627845772333076
F,30,10,23_F_32,0.6667430384629411
F,30,10,23_F_64,0.6706204761165669
