letter,input_days,output_days,experiment_name,weighted_metric
A,300,10,28_A_8,0.6714434411302352
A,300,10,28_A_32,0.7482986858856507
A,300,10,28_A_64,0.6929460588559156
