letter,input_days,output_days,experiment_name,weighted_metric
AD,300,10,28_AD_8,0.6714434411302352
AD,300,10,28_AD_32,0.806049913156694
AD,300,10,28_AD_64,0.7642206220473066
