letter,input_days,output_days,experiment_name,weighted_metric
F,300,10,28_F_8,0.6714434411302351
F,300,10,28_F_32,0.750055910339467
F,300,10,28_F_64,0.7250722714630292
