letter,input_days,output_days,experiment_name,weighted_metric
T,300,10,28_T_8,0.6714434411302352
T,300,10,28_T_32,0.7503854573718691
T,300,10,28_T_64,0.7642206220473066
