,phase,letter,model_group,datastream_scheme,location_scheme,ds_combo,l_combo,input_days,output_days,loss,mse,binary_accuracy,precision,recall,true_positives,true_negatives,false_positives,false_negatives,dataset_size,training_time,experiment_name,dataset_name,epochs,inputs,outputs,f1
0,8,G,0,0,0,0,0,30,10,0.010541697964072227,0.010541698895394802,0.9793208241462708,0.4595023691654205,0.9977011680603028,868.0,47579.0,1021.0,2.0,24734,90.26478052139281,8_G_8,8_G_0_0_0_0_0_30_10,24,14,1,0.6292134746195067
1,8,G,0,0,0,0,0,30,10,0.006370893679559232,0.006370892282575369,0.9901758432388306,0.6415929198265076,1.0,870.0,48114.0,486.0,0.0,24734,126.22395873069763,8_G_32,8_G_0_0_0_0_0_30_10,33,14,1,0.7816711586381776
2,8,G,0,0,0,0,0,30,10,0.022869585081934932,0.022869590669870377,0.9824135899543762,0.0,0.0,0.0,48600.0,0.0,870.0,24734,47.39362716674805,8_G_64,8_G_0_0_0_0_0_30_10,12,14,1,
