,phase,letter,model_group,datastream_scheme,location_scheme,ds_combo,l_combo,input_days,output_days,loss,mse,binary_accuracy,precision,recall,true_positives,true_negatives,false_positives,false_negatives,dataset_size,training_time,experiment_name,dataset_name,epochs,inputs,outputs,f1
0,8,T,0,0,0,0,0,30,10,0.008830762468278408,0.008830759674310684,0.9943400025367736,0.7565217614173889,1.0,870.0,48320.0,280.0,0.0,24734,60.608696460723884,8_T_8,8_T_0_0_0_0_0_30_10,16,10,1,0.8613861530607276
1,8,T,0,0,0,0,0,30,10,0.016970321536064148,0.016970321536064148,0.994542121887207,0.8073770403862,0.90574711561203,788.0,48412.0,188.0,82.0,24734,72.70508718490599,8_T_32,8_T_0_0_0_0_0_30_10,19,10,1,0.8537378017591081
2,8,T,0,0,0,0,0,30,10,0.008042464964091778,0.008042465895414352,0.999191403388977,0.9560439586639404,1.0,870.0,48560.0,40.0,0.0,24734,57.905879735946655,8_T_64,8_T_0_0_0_0_0_30_10,15,10,1,0.9775280912571702
