letter,input_days,output_days,experiment_name,weighted_metric
A,30,10,7_A_8,0.7941767242109159
A,30,10,7_A_32,0.9597352601555336
A,30,10,7_A_64,0.9486166026839112
