letter,input_days,output_days,experiment_name,weighted_metric
AD,30,10,7_AD_8,0.9720670459519082
AD,30,10,7_AD_32,0.9666666676931912
AD,30,10,7_AD_64,0.9560439621980402
