letter,input_days,output_days,experiment_name,weighted_metric
C,30,10,7_C_8,0.3768308829824636
C,30,10,7_C_32,0.48848960947872
C,30,10,7_C_64,0.3686440781612858
