letter,input_days,output_days,experiment_name,weighted_metric
G,30,10,7_G_8,0.9736989345404587
G,30,10,7_G_32,0.9775280912571702
G,30,10,7_G_64,0.9758833304587587
