,letters,metric
0,F,0.35614769842070565
1,G,0.5890333268425535
