letter,input_days,output_days,experiment_name,weighted_metric
AD,30,10,21_AD_8,0.4638313775769792
AD,30,10,21_AD_32,0.013397129194626387
AD,30,10,21_AD_64,0.5544125707739735
