letter,input_days,output_days,experiment_name,weighted_metric
C,30,10,21_C_8,0.23579837866341205
C,30,10,21_C_32,0.12191980048663688
C,30,10,21_C_64,0.2838070321733577
