letter,input_days,output_days,experiment_name,weighted_metric
G,30,10,21_G_8,0.2824895170908027
G,30,10,21_G_32,0.12105118313943435
G,30,10,21_G_64,0.7356909170437503
