letter,input_days,output_days,experiment_name,weighted_metric
T,30,10,21_T_8,0.4629299616822468
T,30,10,21_T_32,0.5854245381639718
T,30,10,21_T_64,0.42001576422822573
