,letters,metric
0,C,0.23774425718285672
1,G,0.7936459101881317
