,Unnamed: 0,phase,letter,model_group,datastream_scheme,location_scheme,ds_combo,l_combo,input_days,output_days,loss,mse,binary_accuracy,precision,recall,true_positives,true_negatives,false_positives,false_negatives,dataset_size,training_time,experiment_name,dataset_name,epochs,inputs,outputs,f1,network,Max_or_Min
1,1,2,A,0,0,0,0,0,30,10,0.011710100807249546,0.011710100807249546,0.9879118800163268,0.5994151830673218,0.9425287246704102,820.0,48052.0,548.0,50.0,24734,83.55334877967834,2_A_32,2_A_0_0_0_0_0_30_10,22,18,1,0.7327971208413346,Network 1,Min
2,2,2,A,0,0,0,0,0,30,10,0.006998535245656967,0.006998537573963404,0.9978572726249696,0.9081196784973145,0.977011501789093,850.0,48514.0,86.0,20.0,24734,80.45191764831544,2_A_64,2_A_0_0_0_0_0_30_10,21,18,1,0.9413067697051096,Network 1,Max
1,1,2,G,0,0,0,0,0,30,10,0.022051582112908363,0.022051578387618058,0.971396803855896,0.3590274155139923,0.7977011203765869,694.0,47361.0,1239.0,176.0,24734,93.90709280967712,2_G_32,2_G_0_0_0_0_0_30_10,25,14,1,0.4951837232595319,Network 2,Min
2,2,2,G,0,0,0,0,0,30,10,0.01825790852308273,0.01825790479779244,0.9822114706039428,0.4968152940273285,0.8965517282485962,780.0,47810.0,790.0,90.0,24734,56.22037529945374,2_G_64,2_G_0_0_0_0_0_30_10,15,14,1,0.6393442694703455,Network 2,Max
0,0,2,T,0,0,0,0,0,30,10,0.032590921968221664,0.032590921968221664,0.9586415886878968,0.28649237751960754,0.9068965315818788,789.0,46635.0,1965.0,81.0,24734,130.88055634498596,2_T_8,2_T_0_0_0_0_0_30_10,35,14,1,0.4354304644791753,Network 3,Min
2,2,2,T,0,0,0,0,0,30,10,0.014473783783614637,0.014473780989646913,0.994299590587616,0.8101266026496887,0.8827586174011229,768.0,48420.0,180.0,102.0,24734,50.14818024635315,2_T_64,2_T_0_0_0_0_0_30_10,13,14,1,0.8448844980210094,Network 3,Max
2,2,2,AD,0,0,0,0,0,30,10,0.00906960852444172,0.009069610387086868,0.9960784316062928,0.8772321343421936,0.9034482836723328,786.0,48490.0,110.0,84.0,24734,75.86484742164613,2_AD_64,2_AD_0_0_0_0_0_30_10,20,13,1,0.8901472247752957,Network 4,Min
1,1,2,AD,0,0,0,0,0,30,10,0.005492073483765125,0.005492077209055425,0.9978370666503906,0.8904810547828674,1.0,870.0,48493.0,107.0,0.0,24734,101.69721913337708,2_AD_32,2_AD_0_0_0_0_0_30_10,27,13,1,0.9420682133047288,Network 4,Max
