,letters,metric
0,E,1.6051061930528915e-05
1,S,0.0892971341426556
