,letter,mean base 8,mean base 32,mean base 64
0,G,0.0006469654035754503,0.0005224625929258764,0.0005615394911728799
1,T,0.0076781343668699265,0.007209315430372953,0.005874588619917631
