,letter,input_days,output_days,experiment_name,weighted_metric,mean_metric,min_or_max
2,G,30,10,8_G_64,0.0,0.4702948777525617,Min
1,G,30,10,8_G_32,0.7816711586381779,0.4702948777525617,Max
1,T,30,10,8_T_32,0.8537378017591081,0.8975506820256687,Min
2,T,30,10,8_T_64,0.9775280912571702,0.8975506820256687,Max
