letter,input_days,output_days,experiment_name,weighted_metric
A,30,10,1_A_8,0.0007539584185
A,30,10,1_A_32,0.000420057185693
A,30,10,1_A_64,0.000434217159636
