letter,input_days,output_days,experiment_name,weighted_metric
A,30,10,1_A_8,0.0008170941728167236
A,30,10,1_A_32,0.0004510895814746618
A,30,10,1_A_64,0.0006509962840937077
