letter,input_days,output_days,experiment_name,weighted_metric
AD,30,10,1_AD_8,0.0006498649599961936
AD,30,10,1_AD_32,0.00036489102058112616
AD,30,10,1_AD_64,0.0003193249285686761
