letter,input_days,output_days,experiment_name,weighted_metric
AD,30,10,1_AD_8,0.000865995346640165
AD,30,10,1_AD_32,0.0006690238056202921
AD,30,10,1_AD_64,0.0005935354185147353
