letter,input_days,output_days,experiment_name,weighted_metric
C,30,10,1_C_8,0.0005614940342234655
C,30,10,1_C_32,0.0008033473018763794
C,30,10,1_C_64,0.0007065990842723598
