letter,input_days,output_days,experiment_name,weighted_metric
C,30,10,1_C_8,0.0006919395382284445
C,30,10,1_C_32,0.0006624620307571666
C,30,10,1_C_64,0.000975121507913
