letter,input_days,output_days,experiment_name,weighted_metric
F,30,10,1_F_8,0.003090161366764313
F,30,10,1_F_32,0.0004761121795476916
F,30,10,1_F_64,0.00046087233819819707
