letter,input_days,output_days,experiment_name,weighted_metric
F,30,10,1_F_8,0.00037888093922649406
F,30,10,1_F_32,0.000331435218362862
F,30,10,1_F_64,0.000302906206343323
