letter,input_days,output_days,experiment_name,weighted_metric
G,30,10,1_G_8,0.0005995850078761578
G,30,10,1_G_32,0.00036559937871061276
G,30,10,1_G_64,0.00034561875509098167
