letter,input_days,output_days,experiment_name,weighted_metric
G,30,10,1_G_8,0.0006049869116395713
G,30,10,1_G_32,0.0003838271659333259
G,30,10,1_G_64,0.0003339904942549765
