letter,input_days,output_days,experiment_name,weighted_metric
T,30,10,1_T_8,0.0006325786234810947
T,30,10,1_T_32,0.00035186053719371557
T,30,10,1_T_64,0.0003474951663520187
