letter,input_days,output_days,experiment_name,weighted_metric
T,30,10,1_T_8,0.0006359522812999785
T,30,10,1_T_32,0.00037533728755079215
T,30,10,1_T_64,0.00035765566281043
