letter,input_days,output_days,experiment_name,weighted_metric
F,30,10,9_F_8,0.4124298656823506
F,30,10,9_F_32,0.39650966886287664
F,30,10,9_F_64,0.4106453447101566
