,letter,stdev base 8,stdev base 32,stdev base 64
0,C,4.3605236482853516e-05,0.0002625815134064974,0.0001509991108014689
1,F,0.00011653473962312195,8.662440951263408e-05,0.00011213549767367035
