,letters,metric
0,F,0.0005565897383214045
1,AD,0.0005015902570448816
