,letter,input_days,output_days,experiment_name,weighted_metric
1,AD,300,10,24_AD_32,0.0003606740792747587
1,F,300,10,24_F_32,0.0005422614501892694
