,letters,metric
0,F,0.2698263747203734
1,A,0.47588245497345866
