letter,input_days,output_days,experiment_name,weighted_metric
A,300,10,10_A_8,0.0008112320210784674
A,300,10,10_A_32,0.0003357863752171397
A,300,10,10_A_64,0.0006136188167147338
