letter,input_days,output_days,experiment_name,weighted_metric
AD,300,10,10_AD_8,0.0006071848329156637
AD,300,10,10_AD_32,0.0002902972046285868
AD,300,10,10_AD_64,0.00024908053455874324
