letter,input_days,output_days,experiment_name,weighted_metric
F,300,10,10_F_8,0.000417207150247931
F,300,10,10_F_32,0.00038403270122621004
F,300,10,10_F_64,0.00038026289015154663
