letter,input_days,output_days,experiment_name,weighted_metric
G,300,10,10_G_8,0.0005773328011855482
G,300,10,10_G_32,0.0003751313197426498
G,300,10,10_G_64,0.00040652966708876187
