letter,input_days,output_days,experiment_name,weighted_metric
T,300,10,10_T_8,0.0005870765307918191
T,300,10,10_T_32,0.00036431397893466055
T,300,10,10_T_64,0.0003517957520671189
