,letters,metric
0,E,0.029386837035417564
1,AC,0.00014228661893866956
