,letters,metric
0,C,0.3596771210193455
1,G,0.8872926821604911
