,letters,metric
0,F,0.0005366416074908697
1,AD,0.0003696854206888625
