,Unnamed: 0,phase,letter,model_group,datastream_scheme,location_scheme,ds_combo,l_combo,input_days,output_days,loss,mse,binary_accuracy,precision,recall,true_positives,true_negatives,false_positives,false_negatives,dataset_size,training_time,experiment_name,dataset_name,epochs,inputs,outputs,f1,network,Max_or_Min
0,0.0,6.0,C,0.0,1.0,0.0,2.0,0.0,30.0,10.0,0.043029483407736005,0.043029505759478,0.9824135899543759,0.0,0.0,0.0,48600.0,0.0,870.0,24734.0,55.1426010131836,6_C_8,6_C_0_1_0_2_0_30_10,15.0,5.0,1.0,0.0,Network 1,Min
1,1.0,6.0,C,0.0,1.0,0.0,2.0,0.0,30.0,10.0,0.042168490588665,0.042168490588665,0.9824135899543759,0.0,0.0,0.0,48600.0,0.0,870.0,24734.0,55.55484795570371,6_C_32,6_C_0_1_0_2_0_30_10,15.0,5.0,1.0,0.0,Network 1,Min
2,2.0,6.0,C,0.0,1.0,0.0,2.0,0.0,30.0,10.0,0.039519786834717005,0.039519809186459,0.9824135899543759,0.0,0.0,0.0,48600.0,0.0,870.0,24734.0,41.40975761413571,6_C_64,6_C_0_1_0_2_0_30_10,11.0,5.0,1.0,0.0,Network 1,Min
4,4.0,6.0,C,0.0,1.0,0.0,3.0,0.0,30.0,10.0,0.009731507860124,0.009731506928802,0.9983828663825992,0.9157894849777221,1.0,870.0,48520.0,80.0,0.0,24734.0,44.5283114910126,6_C_32,6_C_0_1_0_3_0_30_10,12.0,8.0,1.0,0.95604396219804,Network 1,Max
0,0.0,6.0,F,0.0,1.0,0.0,2.0,0.0,30.0,10.0,0.038139019161463,0.038139019161463,0.9824135899543759,0.0,0.0,0.0,48600.0,0.0,870.0,24734.0,88.6029903888702,6_F_8,6_F_0_1_0_2_0_30_10,24.0,4.0,1.0,0.0,Network 2,Min
1,1.0,6.0,F,0.0,1.0,0.0,2.0,0.0,30.0,10.0,0.042628228664398,0.042628247290850005,0.9824135899543759,0.0,0.0,0.0,48600.0,0.0,870.0,24734.0,58.87458181381229,6_F_32,6_F_0_1_0_2_0_30_10,16.0,4.0,1.0,0.0,Network 2,Min
2,2.0,6.0,F,0.0,1.0,0.0,2.0,0.0,30.0,10.0,0.041842892765999,0.04184289649128901,0.9824135899543759,0.0,0.0,0.0,48600.0,0.0,870.0,24734.0,72.18399190902709,6_F_64,6_F_0_1_0_2_0_30_10,19.0,4.0,1.0,0.0,Network 2,Min
5,5.0,6.0,F,0.0,1.0,0.0,3.0,0.0,30.0,10.0,0.04000049456954,0.040000513195992,0.981807172298431,0.0,0.0,0.0,48570.0,30.0,870.0,24734.0,64.0291388034821,6_F_64,6_F_0_1_0_3_0_30_10,17.0,6.0,1.0,0.0,Network 2,Min
3,3.0,6.0,F,0.0,1.0,0.0,3.0,0.0,30.0,10.0,0.004142296500504,0.004142296966165,0.999191403388977,0.95604395866394,1.0,870.0,48560.0,40.0,0.0,24734.0,80.9781501293182,6_F_8,6_F_0_1_0_3_0_30_10,22.0,6.0,1.0,0.97752809125717,Network 2,Max
