,letters,metric
0,E,0.03835053965061283
1,AC,0.006031736731529236
