,letters,metric
0,C,0.0007765076922995371
1,G,0.0004409348572759579
