,letters,metric
0,F,0.0003377407879775597
1,G,0.00043693438055925077
