,letters,metric
0,C,0.0010751644970301284
1,G,0.0006105251869974802
