,phase,letter,model_group,datastream_scheme,location_scheme,ds_combo,l_combo,input_days,output_days,loss,mse,mape,mae,dataset_size,training_time,experiment_name,dataset_name,epochs,inputs,outputs,network,Max_or_Min
7,1.0,C,0.0,1.0,0.0,3.0,0.0,30.0,10.0,0.00033627680386400004,0.000336276832968,4139.85009765625,0.013351150788367,24734.0,2314.03200912476,1_C_32,1_C_0_1_0_3_0_30_10,86.0,27.0,8.0,Network 1,Min
1,1.0,C,0.0,1.0,0.0,1.0,0.0,30.0,10.0,0.001387605909258,0.001387606025673,1078.04675292969,0.029605006799102003,24734.0,426.044740200043,1_C_32,1_C_0_1_0_1_0_30_10,16.0,24.0,5.0,Network 1,Max
2,1.0,F,0.0,1.0,0.0,1.0,0.0,30.0,10.0,0.0001960123336175457,0.0001960123336175457,170970.625,0.0058745499700307855,24734.0,97.3735854625702,1_F_64,1_F_0_1_0_1_0_30_10,31.0,4.0,5.0,Network 2,Min
0,1.0,F,0.0,1.0,0.0,1.0,0.0,30.0,10.0,0.006980701815336943,0.006980702746659517,91659.0859375,0.019644442945718762,24734.0,69.92663168907166,1_F_8,1_F_0_1_0_1_0_30_10,23.0,4.0,5.0,Network 2,Max
