,letter,input_days,output_days,experiment_name,weighted_metric
2,G,30,10,1_G_64,0.00046244837666073674
2,F,30,10,1_F_64,0.00046087233819819707
