,letters,metric
0,F,0.31772978175028005
1,T,0.4894567546914814
