letter,input_days,output_days,experiment_name,weighted_metric
F,30,10,4_F_8,0.312743939893274
F,30,10,4_F_32,0.508036478435134
F,30,10,4_F_64,0.3403202960425671
