letter,input_days,output_days,experiment_name,weighted_metric
C,300,10,25_C_8,0.3966996706512143
C,300,10,25_C_32,0.23529412218443657
C,300,10,25_C_64,0.0
