,letter,mean base 8,mean base 32,mean base 64
0,G,0.0,0.3625954210816386,0.0
1,T,0.9580838453680346,0.9704141953734348,0.9307605125260237
