,letter,mean base 8,mean base 32,mean base 64
0,C,0.0005782456428278238,0.000599889739532955,0.0007525989494752139
1,F,0.0005163232417544351,0.0006283226830419153,0.000504361218190752
2,A,0.0006780090625397861,0.000314474746119231,0.00045789944124408077
3,G,0.0005845469422638416,0.0005337615148164332,0.00048114793025888497
4,T,0.0005749365082010628,0.0004889750271104276,0.00048462659469805663
5,AD,0.0005118570988997816,0.0003697711508721113,0.00032611790811643004
