,letters,metric
0,F,0.0005573953221289394
1,AD,0.000402582052629441
