,letters,metric
0,F,0.3019541724305368
1,T,0.48071790056195374
