,Unnamed: 0,phase,letter,model_group,datastream_scheme,location_scheme,ds_combo,l_combo,input_days,output_days,loss,mse,binary_accuracy,precision,recall,true_positives,true_negatives,false_positives,false_negatives,dataset_size,training_time,experiment_name,dataset_name,epochs,inputs,outputs,f1,network,Max_or_Min
0,0,5,A,0,0,0,0,0,30,10,0.20509256422519684,0.20509256422519684,0.652123749256134,0.441653311252594,0.4000536501407623,17898.0,74834.0,22627.0,26841.0,23697,64.41298031806946,5_A_8,5_A_0_0_0_0_0_30_10,17,18,3,0.4198254912157817,Network 1,Min
1,1,5,A,0,0,0,0,0,30,10,0.2279747277498245,0.2279746681451797,0.6626722812652588,0.4714465141296386,0.5958335995674133,26657.0,67575.0,29886.0,18082.0,23697,46.30834817886353,5_A_32,5_A_0_0_0_0_0_30_10,13,18,3,0.5263916565339596,Network 1,Max
2,2,5,G,0,0,0,0,0,30,10,0.1935199797153473,0.1935199648141861,0.6580449938774109,0.4502902925014496,0.3935045599937439,17605.0,75969.0,21492.0,27134.0,23697,47.381535768508904,5_G_64,5_G_0_0_0_0_0_30_10,13,14,3,0.41998664224192217,Network 2,Min
0,0,5,G,0,0,0,0,0,30,10,0.19469784200191492,0.19469790160655973,0.7292545437812805,0.5896639823913574,0.4585484564304352,20515.0,83185.0,14276.0,24224.0,23697,84.75583910942079,5_G_8,5_G_0_0_0_0_0_30_10,24,14,3,0.5159059345681918,Network 2,Max
0,0,5,T,0,0,0,0,0,30,10,0.18630170822143555,0.18630169332027435,0.6664205193519592,0.469605416059494,0.4655222594738007,20827.0,73938.0,23523.0,23912.0,23697,50.04914331436157,5_T_8,5_T_0_0_0_0_0_30_10,14,14,3,0.4675549233862159,Network 3,Min
2,2,5,T,0,0,0,0,0,30,10,0.2211863398551941,0.2211863398551941,0.6887904405593872,0.5057802796363831,0.4742841720581055,21219.0,76727.0,20734.0,23520.0,23697,58.03826332092285,5_T_64,5_T_0_0_0_0_0_30_10,16,14,3,0.4895261342372144,Network 3,Max
0,0,5,AD,0,0,0,0,0,30,10,0.1826685070991516,0.1826685070991516,0.6683966517448425,0.4577959477901459,0.29276469349861145,13098.0,81948.0,15513.0,31641.0,23697,45.723037242889404,5_AD_8,5_AD_0_0_0_0_0_30_10,13,13,3,0.35713700657033365,Network 4,Min
2,2,5,AD,0,0,0,0,0,30,10,0.21642759442329407,0.21642768383026129,0.6473347544670105,0.4300201833248137,0.371532678604126,16622.0,75429.0,22032.0,28117.0,23697,43.410476446151726,5_AD_64,5_AD_0_0_0_0_0_30_10,12,13,3,0.3986425803035039,Network 4,Max
