,letter,input_days,output_days,experiment_name,weighted_metric
1,A,30,10,5_A_32,0.000314474746119231
2,F,30,10,5_F_64,0.0005226593191484706
