letter,input_days,output_days,experiment_name,weighted_metric
T,300,10,18_T_8,0.9580838453680346
T,300,10,18_T_32,0.9704141953734348
T,300,10,18_T_64,0.9307605125260237
