,letters,metric
0,C,0.2106645976118836
1,T,0.2533608058397821
