,phase,letter,model_group,datastream_scheme,location_scheme,ds_combo,l_combo,input_days,output_days,loss,mse,binary_accuracy,precision,recall,true_positives,true_negatives,false_positives,false_negatives,dataset_size,training_time,experiment_name,dataset_name,epochs,inputs,outputs,f1
0,14,G,0,0,0,0,0,300,10,0.16758273541927338,0.167582705616951,0.7034438252449036,0.5464007258415222,0.3535447120666504,15644.0,83014.0,12987.0,28605.0,23373,96.76761627197266,14_G_8,14_G_0_0_0_0_0_300_10,22,14,3,0.4293084428310884
1,14,G,0,0,0,0,0,300,10,0.2165770530700684,0.216577023267746,0.6844919919967651,0.4999878704547882,0.4662026166915894,20629.0,75371.0,20630.0,23620.0,23373,89.92935848236084,14_G_32,14_G_0_0_0_0_0_300_10,17,14,3,0.48250455085419147
2,14,G,0,0,0,0,0,300,10,0.16600024700164795,0.16600026190280914,0.71757572889328,0.6050545573234558,0.3019051253795624,13359.0,87281.0,8720.0,30890.0,23373,133.50733208656308,14_G_64,14_G_0_0_0_0_0_300_10,16,14,3,0.40281630038019695
