letter,input_days,output_days,experiment_name,weighted_metric
A,30,10,4_A_8,0.6111563658348173
A,30,10,4_A_32,0.6500294203443986
A,30,10,4_A_64,0.6427555333967747
