letter,input_days,output_days,experiment_name,weighted_metric
C,30,10,4_C_8,0.4280922670989294
C,30,10,4_C_32,0.45160464928251515
C,30,10,4_C_64,0.21871513691813696
