letter,input_days,output_days,experiment_name,weighted_metric
C,30,10,4_C_8,0.28516823364762195
C,30,10,4_C_32,0.2969640134677783
C,30,10,4_C_64,0.29455610563073836
