letter,input_days,output_days,experiment_name,weighted_metric
F,30,10,4_F_8,0.41675056500092106
F,30,10,4_F_32,0.4332172822676836
F,30,10,4_F_64,0.44017942732331566
