letter,input_days,output_days,experiment_name,weighted_metric
T,30,10,4_T_8,0.6000145066423448
T,30,10,4_T_32,0.6836709762859196
T,30,10,4_T_64,0.7005268290208885
