,letters,metric
0,E,0.08883129576077828
1,S,0.0638875886797905
