,letters,metric
0,F,0.0002668630227279396
1,G,0.00030377073562704027
