letter,input_days,output_days,experiment_name,weighted_metric
AD,300,10,27_AD_8,0.8961892406120547
AD,300,10,27_AD_32,0.8961892406120547
AD,300,10,27_AD_64,0.8961892406120547
