letter,input_days,output_days,experiment_name,weighted_metric
C,300,10,27_C_8,0.8961892406120547
C,300,10,27_C_32,0.8961892406120547
C,300,10,27_C_64,0.8961892406120547
