letter,input_days,output_days,experiment_name,weighted_metric
F,300,10,27_F_8,0.8961892406120547
F,300,10,27_F_32,0.8961892406120547
F,300,10,27_F_64,0.8961892406120547
