letter,input_days,output_days,experiment_name,weighted_metric
G,300,10,27_G_8,0.8961892406120547
G,300,10,27_G_32,0.8961892406120547
G,300,10,27_G_64,0.8961892406120547
