letter,input_days,output_days,experiment_name,weighted_metric
T,300,10,27_T_8,0.8961892406120547
T,300,10,27_T_32,0.8961892406120547
T,300,10,27_T_64,0.8961892406120547
