,letters,metric
0,E,0.07217844386792018
1,S,0.014775073155760763
