,letter,input_days,output_days,experiment_name,weighted_metric
0,S,300,10,10_S_0.7,0.014775073155760763
0,E,300,10,10_E_0.7,0.07217844386792018
