,letters,metric
0,F,0.0003938342472085625
1,AD,0.00038218752403433126
