,letter,input_days,output_days,experiment_name,weighted_metric
2,AD,300,10,10_AD_64,0.00024908053455874324
2,F,300,10,10_F_64,0.0003802628901515466
