letter,input_days,output_days,experiment_name,weighted_metric
A,30,10,22_A_8,0.8869282763980847
A,30,10,22_A_32,0.8869282763980847
A,30,10,22_A_64,0.8869282763980847
