letter,input_days,output_days,experiment_name,weighted_metric
AD,30,10,22_AD_8,0.8782587208002268
AD,30,10,22_AD_32,0.8869282763980847
AD,30,10,22_AD_64,0.8869282763980847
