letter,input_days,output_days,experiment_name,weighted_metric
C,30,10,22_C_8,0.8869282763980847
C,30,10,22_C_32,0.8869282763980847
C,30,10,22_C_64,0.8869282763980847
