letter,input_days,output_days,experiment_name,weighted_metric
F,30,10,22_F_8,0.8869282763980847
F,30,10,22_F_32,0.8869282763980847
F,30,10,22_F_64,0.8869282763980847
