letter,input_days,output_days,experiment_name,weighted_metric
G,30,10,22_G_8,0.8869282763980847
G,30,10,22_G_32,0.8869282763980847
G,30,10,22_G_64,0.8869282763980847
