letter,input_days,output_days,experiment_name,weighted_metric
T,30,10,22_T_8,0.8869282763980847
T,30,10,22_T_32,0.8869282763980847
T,30,10,22_T_64,0.8869282763980847
