,letter,mean base 8,mean base 32,mean base 64
0,C,0.433236030648475,0.44251425498680635,0.4317978817653733
1,F,0.4124298656823506,0.39650966886287664,0.4106453447101566
2,A,0.6571570792072361,0.6184425746594303,0.7076244353462233
3,G,0.5734345336444151,0.6327147786344871,0.6296815716971954
4,T,0.5905658008833069,0.6556985932116642,0.7285178112942207
5,AD,0.6602413345416661,0.6700034020744893,0.5606900488802157
