,letter,mean base 8,mean base 32,mean base 64
0,G,0.850122850562556,0.9143457873832777,0.956569546850898
1,T,0.9775280912571702,0.9720670459519082,0.9682804595406741
