,letter,input_days,output_days,experiment_name,weighted_metric,mean_metric,min_or_max
0,G,30,10,9_G_8,0.850122850562556,0.9070127282655772,Min
2,G,30,10,9_G_64,0.956569546850898,0.9070127282655772,Max
2,T,30,10,9_T_64,0.968280459540674,0.972625198916584,Min
0,T,30,10,9_T_8,0.9775280912571702,0.972625198916584,Max
