,phase,letter,model_group,datastream_scheme,location_scheme,ds_combo,l_combo,input_days,output_days,loss,mse,binary_accuracy,precision,recall,true_positives,true_negatives,false_positives,false_negatives,dataset_size,training_time,experiment_name,dataset_name,epochs,inputs,outputs,f1
0,2,A,0,0,0,0,0,30,10,0.011366767808794977,0.011366761289536951,0.9940165877342224,0.7461406588554382,1.0,870.0,48304.0,296.0,0.0,24734,48.59039640426636,2_A_8,2_A_0_0_0_0_0_30_10,13,18,1,0.8546169005016115
1,2,A,0,0,0,0,0,30,10,0.011710100807249546,0.011710100807249546,0.9879118800163268,0.5994151830673218,0.9425287246704102,820.0,48052.0,548.0,50.0,24734,83.55334877967834,2_A_32,2_A_0_0_0_0_0_30_10,22,18,1,0.7327971208413346
2,2,A,0,0,0,0,0,30,10,0.006998535245656967,0.006998537573963404,0.9978572726249696,0.9081196784973145,0.977011501789093,850.0,48514.0,86.0,20.0,24734,80.45191764831544,2_A_64,2_A_0_0_0_0_0_30_10,21,18,1,0.9413067697051097
