,phase,letter,model_group,datastream_scheme,location_scheme,ds_combo,l_combo,input_days,output_days,loss,mse,binary_accuracy,precision,recall,true_positives,true_negatives,false_positives,false_negatives,dataset_size,training_time,experiment_name,dataset_name,epochs,inputs,outputs,f1
0,2,C,0,1,0,1,0,30,10,0.045060031116008765,0.04506002366542816,0.974873661994934,0.0,0.0,0.0,48227.0,373.0,870.0,24734,74.51059865951537,2_C_8,2_C_0_1_0_1_0_30_10,20,5,1,
1,2,C,0,1,0,1,0,30,10,0.04626638069748879,0.04626638442277908,0.9723064303398132,0.0,0.0,0.0,48100.0,500.0,870.0,24734,131.69063758850098,2_C_32,2_C_0_1_0_1_0_30_10,35,5,1,
2,2,C,0,1,0,1,0,30,10,0.03973254933953285,0.03973256796598434,0.9824135899543762,0.0,0.0,0.0,48600.0,0.0,870.0,24734,53.317898750305176,2_C_64,2_C_0_1_0_1_0_30_10,14,5,1,
3,2,C,0,1,0,2,0,30,10,0.041965201497077935,0.041965197771787636,0.9824135899543762,0.0,0.0,0.0,48600.0,0.0,870.0,24734,70.82586526870729,2_C_8,2_C_0_1_0_2_0_30_10,19,5,1,
4,2,C,0,1,0,2,0,30,10,0.041832275688648224,0.04183226451277733,0.9824135899543762,0.0,0.0,0.0,48600.0,0.0,870.0,24734,57.10214066505432,2_C_32,2_C_0_1_0_2_0_30_10,15,5,1,
5,2,C,0,1,0,2,0,30,10,0.04196541756391525,0.04196543246507645,0.9824135899543762,0.0,0.0,0.0,48600.0,0.0,870.0,24734,53.445895195007324,2_C_64,2_C_0_1_0_2_0_30_10,14,5,1,
6,2,C,0,1,0,3,0,30,10,0.012249093502759932,0.012249097228050232,0.9902971386909484,0.8707224130630493,0.5264368057250977,458.0,48532.0,68.0,412.0,24734,52.134732007980354,2_C_8,2_C_0_1_0_3_0_30_10,14,8,1,0.6561604713938698
7,2,C,0,1,0,3,0,30,10,0.007674576248973608,0.007674576248973608,0.9957954287528992,0.8070501089096069,1.0,870.0,48392.0,208.0,0.0,24734,46.31618332862854,2_C_32,2_C_0_1_0_3_0_30_10,12,8,1,0.8932238291904251
8,2,C,0,1,0,3,0,30,10,0.059425774961709976,0.05942577123641968,0.9034768342971802,0.15288889408111572,0.988505721092224,860.0,43835.0,4765.0,10.0,24734,76.190349817276,2_C_64,2_C_0_1_0_3_0_30_10,20,8,1,0.2648190984634952
