,phase,letter,model_group,datastream_scheme,location_scheme,ds_combo,l_combo,input_days,output_days,loss,mse,binary_accuracy,precision,recall,true_positives,true_negatives,false_positives,false_negatives,dataset_size,training_time,experiment_name,dataset_name,epochs,inputs,outputs,f1
0,2,G,0,0,0,0,0,30,10,0.01893891394138336,0.01893891766667366,0.977905809879303,0.4239945411682129,0.7149425148963928,622.0,47755.0,845.0,248.0,24734,55.50635695457458,2_G_8,2_G_0_0_0_0_0_30_10,15,14,1,0.5323063675047364
1,2,G,0,0,0,0,0,30,10,0.022051582112908363,0.02205157838761806,0.971396803855896,0.3590274155139923,0.7977011203765869,694.0,47361.0,1239.0,176.0,24734,93.90709280967712,2_G_32,2_G_0_0_0_0_0_30_10,25,14,1,0.4951837232595319
2,2,G,0,0,0,0,0,30,10,0.01825790852308273,0.018257904797792438,0.9822114706039428,0.4968152940273285,0.8965517282485962,780.0,47810.0,790.0,90.0,24734,56.22037529945374,2_G_64,2_G_0_0_0_0_0_30_10,15,14,1,0.6393442694703455
