letter,input_days,output_days,experiment_name,weighted_metric
C,30,10,5_C_8,0.2948215805779937
C,30,10,5_C_32,0.24694466747888422
C,30,10,5_C_64,0.2966054243490201
