letter,input_days,output_days,experiment_name,weighted_metric
G,30,10,5_G_8,0.5159059345681918
G,30,10,5_G_32,0.4444303053063675
G,30,10,5_G_64,0.41998664224192217
