letter,input_days,output_days,experiment_name,weighted_metric
A,30,10,9_A_8,0.6571570792072361
A,30,10,9_A_32,0.6184425746594303
A,30,10,9_A_64,0.7076244353462233
