letter,input_days,output_days,experiment_name,weighted_metric
C,30,10,9_C_8,0.433236030648475
C,30,10,9_C_32,0.44251425498680635
C,30,10,9_C_64,0.4317978817653733
