letter,input_days,output_days,experiment_name,weighted_metric
A,300,10,26_A_8,0.21015218678011524
A,300,10,26_A_32,0.20769164473126225
A,300,10,26_A_64,0.7674873112957338
