letter,input_days,output_days,experiment_name,weighted_metric
F,300,10,26_F_8,0.4740431669089296
F,300,10,26_F_32,0.3636352575970105
F,300,10,26_F_64,0.3951824610025572
