letter,input_days,output_days,experiment_name,weighted_metric
G,300,10,26_G_8,0.4931412248396255
G,300,10,26_G_32,0.1723260535109096
G,300,10,26_G_64,0.6792661746932362
