letter,input_days,output_days,experiment_name,weighted_metric
T,300,10,26_T_8,0.302359753563021
T,300,10,26_T_32,0.1723260535109096
T,300,10,26_T_64,0.1723260535109096
