,letters,metric
0,C,0.6839015624593207
1,T,0.7375680817658837
