,letters,metric
0,C,0.4358493891335516
1,A,0.6610746964042965
