,phase,letter,model_group,datastream_scheme,location_scheme,ds_combo,l_combo,input_days,output_days,loss,mse,binary_accuracy,precision,recall,true_positives,true_negatives,false_positives,false_negatives,dataset_size,training_time,experiment_name,dataset_name,epochs,inputs,outputs,f1
0,11,A,0,0,0,0,0,300,10,0.03175447881221771,0.03175448626279831,0.9897519946098328,0.976190447807312,0.4000000059604645,328.0,47962.0,8.0,492.0,24392,82.14976000785829,11_A_8,11_A_0_0_0_0_0_300_10,18,18,1,0.5674740496454043
1,11,A,0,0,0,0,0,300,10,0.016099059954285618,0.016099061816930767,0.9799959063529968,0.4315789341926575,0.6000000238418579,492.0,47322.0,648.0,328.0,24392,77.85012698173524,11_A_32,11_A_0_0_0_0_0_300_10,14,18,1,0.5020408157580394
2,11,A,0,0,0,0,0,300,10,0.04255352541804314,0.04255354404449463,0.9831932783126832,0.0,0.0,0.0,47970.0,0.0,820.0,24392,96.00170350074768,11_A_64,11_A_0_0_0_0_0_300_10,11,18,1,0.0
