,phase,letter,model_group,datastream_scheme,location_scheme,ds_combo,l_combo,input_days,output_days,loss,mse,binary_accuracy,precision,recall,true_positives,true_negatives,false_positives,false_negatives,dataset_size,training_time,experiment_name,dataset_name,epochs,inputs,outputs,f1
0,11,AD,0,0,0,0,0,300,10,0.00635917205363512,0.00635917205363512,0.9994466304779052,0.9759904146194458,0.9914634227752686,813.0,47950.0,20.0,7.0,24392,90.39355897903442,11_AD_8,11_AD_0_0_0_0_0_300_10,20,13,1,0.9836660750890245
1,11,AD,0,0,0,0,0,300,10,0.008992473594844341,0.008992473594844341,0.990961253643036,0.6657917499542236,0.9280487895011902,761.0,47588.0,382.0,59.0,24392,115.643816947937,11_AD_32,11_AD_0_0_0_0_0_300_10,21,13,1,0.7753438469020459
2,11,AD,0,0,0,0,0,300,10,0.01947045885026455,0.0194704644382,0.9831932783126832,0.0,0.0,0.0,47970.0,0.0,820.0,24392,251.08855628967285,11_AD_64,11_AD_0_0_0_0_0_300_10,29,13,1,0.0
