letter,input_days,output_days,experiment_name,weighted_metric
G,300,10,11_G_8,0.9837251281579372
G,300,10,11_G_32,0.8631579104288791
G,300,10,11_G_64,0.0
