letter,input_days,output_days,experiment_name,weighted_metric
A,300,10,16_A_8,0.05687203796615201
A,300,10,16_A_32,0.0
A,300,10,16_A_64,0.8118811909234613
