letter,input_days,output_days,experiment_name,weighted_metric
C,300,10,16_C_8,0.4821428526488559
C,300,10,16_C_32,0.4823529426284316
C,300,10,16_C_64,0.0
