letter,input_days,output_days,experiment_name,weighted_metric
A,300,10,12_A_8,0.2778791269448063
A,300,10,12_A_32,0.5541441945601774
A,300,10,12_A_64,0.7665276059691296
