letter,input_days,output_days,experiment_name,weighted_metric
F,300,10,12_F_8,0.14970976692714374
F,300,10,12_F_32,0.605803444704417
F,300,10,12_F_64,0.3129298836305562
