letter,input_days,output_days,experiment_name,weighted_metric
G,300,10,12_G_8,0.2340447685894013
G,300,10,12_G_32,0.7665276059691296
G,300,10,12_G_64,0.7665276059691296
