letter,input_days,output_days,experiment_name,weighted_metric
T,300,10,12_T_8,0.05266538248061391
T,300,10,12_T_32,0.037758597247300435
T,300,10,12_T_64,0.7665276059691296
