,phase,letter,model_group,datastream_scheme,location_scheme,ds_combo,l_combo,input_days,output_days,loss,mse,binary_accuracy,precision,recall,true_positives,true_negatives,false_positives,false_negatives,dataset_size,training_time,experiment_name,dataset_name,epochs,inputs,outputs,f1
0,3,C,0,1,0,1,0,30,10,0.3380018770694733,0.3380018770694733,0.420173853635788,0.5354765057563782,0.5024731755256653,15441.0,5345.0,13395.0,15289.0,24734,39.84254527091979,3_C_8,3_C_0_1_0_1_0_30_10,11,5,1,0.5184501428517357
1,3,C,0,1,0,1,0,30,10,0.3175221681594849,0.31752219796180725,0.4701435267925263,0.5674408674240112,0.6185160875320435,19007.0,4251.0,14489.0,11723.0,24734,45.20629072189331,3_C_32,3_C_0_1_0_1_0_30_10,12,5,1,0.5918786575822957
2,3,C,0,1,0,1,0,30,10,0.3121118247509003,0.3121120035648346,0.4434606730937958,0.5523747205734253,0.5487796664237976,16864.0,5074.0,13666.0,13866.0,24734,48.264253854751594,3_C_64,3_C_0_1_0_1_0_30_10,13,5,1,0.5505713249235545
3,3,C,0,1,0,2,0,30,10,0.24949151277542114,0.24949148297309875,0.5842530727386475,0.6355319619178772,0.7753986120223999,23828.0,5075.0,13665.0,6902.0,24734,47.88814949989319,3_C_8,3_C_0_1_0_2_0_30_10,13,5,1,0.6985327418212909
4,3,C,0,1,0,2,0,30,10,0.2545037269592285,0.2545038163661957,0.3785122334957123,0.4444444477558136,0.001952489372342825,60.0,18665.0,75.0,30670.0,24734,99.22392582893372,3_C_32,3_C_0_1_0_2_0_30_10,27,5,1,0.003887898812311395
5,3,C,0,1,0,2,0,30,10,0.25357118248939514,0.2535712718963623,0.37871438264846796,0.4951266944408417,0.008265538141131401,254.0,18481.0,259.0,30476.0,24734,56.04068183898926,3_C_64,3_C_0_1_0_2_0_30_10,15,5,1,0.016259641340122043
6,3,C,0,1,0,3,0,30,10,0.4963318109512329,0.4963317513465881,0.10371942818164824,0.0602339543402195,0.030328668653965,932.0,4199.0,14541.0,29798.0,24734,43.69850444793701,3_C_8,3_C_0_1_0_3_0_30_10,12,8,1,0.040343699917346335
7,3,C,0,1,0,3,0,30,10,0.5877925157546997,0.5877924561500549,0.17293308675289154,0.12168486416339876,0.05330296233296394,1638.0,6917.0,11823.0,29092.0,24734,58.74121856689453,3_C_32,3_C_0_1_0_3_0_30_10,16,8,1,0.0741327423839772
8,3,C,0,1,0,3,0,30,10,0.6701255440711975,0.6701255440711975,0.2122296392917633,0.13350528478622434,0.048844777047634125,1501.0,8998.0,9742.0,29229.0,24734,84.51568675041199,3_C_64,3_C_0_1_0_3_0_30_10,23,8,1,0.07152216790587577
