,phase,letter,model_group,datastream_scheme,location_scheme,ds_combo,l_combo,input_days,output_days,loss,mse,binary_accuracy,precision,recall,true_positives,true_negatives,false_positives,false_negatives,dataset_size,training_time,experiment_name,dataset_name,epochs,inputs,outputs,f1
0,3,F,0,1,0,1,0,30,10,0.32054007053375244,0.32054010033607483,0.3813826441764832,0.5023211836814879,0.4471851587295532,13742.0,5125.0,13615.0,16988.0,24734,39.52882814407349,3_F_8,3_F_0_1_0_1_0_30_10,11,4,1,0.4731523492248158
1,3,F,0,1,0,1,0,30,10,0.3635725975036621,0.36357250809669495,0.3485951125621796,0.4707996547222138,0.3921900391578674,12052.0,5193.0,13547.0,18678.0,24734,40.41949820518494,3_F_32,3_F_0_1_0_1_0_30_10,11,4,1,0.4279145772664881
2,3,F,0,1,0,1,0,30,10,0.32172009348869324,0.3217201232910156,0.444006472826004,0.5539135336875916,0.5391148924827576,16567.0,5398.0,13342.0,14163.0,24734,44.806397676467896,3_F_64,3_F_0_1_0_1_0_30_10,12,4,1,0.546414032807944
3,3,F,0,1,0,2,0,30,10,0.2494964748620987,0.2494964599609375,0.6026884913444519,0.6307216286659241,0.8694435358047485,26718.0,3097.0,15643.0,4012.0,24734,46.91469693183899,3_F_8,3_F_0_1_0_2_0_30_10,13,4,1,0.731088624004042
4,3,F,0,1,0,2,0,30,10,0.25018906593322754,0.25018903613090515,0.4515261650085449,0.6211682558059692,0.3000325560569763,9220.0,13117.0,5623.0,21510.0,24734,43.58910870552063,3_F_32,3_F_0_1_0_2_0_30_10,12,4,1,0.40462556509046266
5,3,F,0,1,0,2,0,30,10,0.2503553628921509,0.25035545229911804,0.4278956949710846,0.6216920614242554,0.20182232558727264,6202.0,14966.0,3774.0,24528.0,24734,44.69525146484375,3_F_64,3_F_0_1_0_2_0_30_10,12,4,1,0.3047216651335379
6,3,F,0,1,0,3,0,30,10,0.2625386118888855,0.2625385820865631,0.3793208003044128,0.5066738128662109,0.030881874263286587,949.0,17816.0,924.0,29781.0,24734,43.134404420852654,3_F_8,3_F_0_1_0_3_0_30_10,12,6,1,0.05821550159756729
7,3,F,0,1,0,3,0,30,10,0.4382162392139435,0.4382162392139435,0.34705883264541626,0.4376240670681,0.17933616042137146,5511.0,11658.0,7082.0,25219.0,24734,63.2733256816864,3_F_32,3_F_0_1_0_3_0_30_10,17,6,1,0.2544145194426398
8,3,F,0,1,0,3,0,30,10,0.2646840810775757,0.2646841108798981,0.3901354372501373,0.7295082211494446,0.02896192669868469,890.0,18410.0,330.0,29840.0,24734,44.044527769088745,3_F_64,3_F_0_1_0_3_0_30_10,12,6,1,0.05571205059806411
