,phase,letter,model_group,datastream_scheme,location_scheme,ds_combo,l_combo,input_days,output_days,loss,mse,binary_accuracy,precision,recall,true_positives,true_negatives,false_positives,false_negatives,dataset_size,training_time,experiment_name,dataset_name,epochs,inputs,outputs,f1
0,3,G,0,0,0,0,0,30,10,0.3523212969303131,0.35232123732566833,0.33604204654693604,0.4617525935173034,0.4156524538993835,12773.0,3851.0,14889.0,17957.0,24734,40.136581659317024,3_G_8,3_G_0_0_0_0_0_30_10,11,14,1,0.43749143945538127
1,3,G,0,0,0,0,0,30,10,0.3451864123344421,0.34518635272979736,0.2989286482334137,0.3572666943073273,0.1609502136707306,4946.0,9842.0,8898.0,25784.0,24734,42.244534015655525,3_G_32,3_G_0_0_0_0_0_30_10,11,14,1,0.22192309784162678
2,3,G,0,0,0,0,0,30,10,0.4097756147384644,0.4097757339477539,0.32369112968444824,0.4331846833229065,0.2876667678356171,8840.0,7173.0,11567.0,21890.0,24734,78.47201347351073,3_G_64,3_G_0_0_0_0_0_30_10,21,14,1,0.3457379118183729
