,phase,letter,model_group,datastream_scheme,location_scheme,ds_combo,l_combo,input_days,output_days,loss,mse,binary_accuracy,precision,recall,true_positives,true_negatives,false_positives,false_negatives,dataset_size,training_time,experiment_name,dataset_name,epochs,inputs,outputs,f1
0,3,T,0,0,0,0,0,30,10,0.3007550835609436,0.30075520277023315,0.34360218048095703,0.3906877636909485,0.1013016626238823,3113.0,13885.0,4855.0,27617.0,24734,40.080654621124275,3_T_8,3_T_0_0_0_0_0_30_10,11,14,1,0.16088687240759295
1,3,T,0,0,0,0,0,30,10,0.3587749302387237,0.3587750196456909,0.2792399525642395,0.356952041387558,0.20000000298023224,6146.0,7668.0,11072.0,24584.0,24734,48.12949347496033,3_T_32,3_T_0_0_0_0_0_30_10,13,14,1,0.25636106398477654
2,3,T,0,0,0,0,0,30,10,0.3543950915336609,0.3543950915336609,0.30062663555145264,0.4047290682792664,0.2673608958721161,8216.0,6656.0,12084.0,22514.0,24734,41.31186699867249,3_T_64,3_T_0_0_0_0_0_30_10,11,14,1,0.32200667188138055
