,letters,metric
0,F,0.00039978450944612703
1,G,0.0005295307200867683
