,letter,input_days,output_days,experiment_name,weighted_metric
1,G,30,10,19_G_32,0.0004262272559572011
1,F,30,10,19_F_32,0.0003855843080802717
