,phase,letter,model_group,datastream_scheme,location_scheme,ds_combo,l_combo,input_days,output_days,loss,mse,binary_accuracy,precision,recall,true_positives,true_negatives,false_positives,false_negatives,dataset_size,training_time,experiment_name,dataset_name,epochs,inputs,outputs,f1
0,2,AD,0,0,0,0,0,30,10,0.003432360710576177,0.0034323614090681076,0.9978168606758118,0.8895705342292786,1.0,870.0,48492.0,108.0,0.0,24734,63.00949954986572,2_AD_8,2_AD_0_0_0_0_0_30_10,17,13,1,0.9415584315217089
1,2,AD,0,0,0,0,0,30,10,0.005492073483765125,0.005492077209055425,0.9978370666503906,0.8904810547828674,1.0,870.0,48493.0,107.0,0.0,24734,101.69721913337708,2_AD_32,2_AD_0_0_0_0_0_30_10,27,13,1,0.9420682133047287
2,2,AD,0,0,0,0,0,30,10,0.00906960852444172,0.009069610387086868,0.9960784316062928,0.8772321343421936,0.9034482836723328,786.0,48490.0,110.0,84.0,24734,75.86484742164613,2_AD_64,2_AD_0_0_0_0_0_30_10,20,13,1,0.8901472247752957
