,phase,letter,model_group,datastream_scheme,location_scheme,ds_combo,l_combo,input_days,output_days,loss,mse,binary_accuracy,precision,recall,true_positives,true_negatives,false_positives,false_negatives,dataset_size,training_time,experiment_name,dataset_name,epochs,inputs,outputs,f1
0,2,T,0,0,0,0,0,30,10,0.032590921968221664,0.032590921968221664,0.9586415886878968,0.28649237751960754,0.9068965315818788,789.0,46635.0,1965.0,81.0,24734,130.88055634498596,2_T_8,2_T_0_0_0_0_0_30_10,35,14,1,0.43543046447917544
1,2,T,0,0,0,0,0,30,10,0.020503118634223938,0.02050312235951424,0.9812209606170654,0.4808317124843597,0.8505747318267822,740.0,47801.0,799.0,130.0,24734,72.21587514877321,2_T_32,2_T_0_0_0_0_0_30_10,19,14,1,0.6143628140718532
2,2,T,0,0,0,0,0,30,10,0.014473783783614637,0.014473780989646913,0.994299590587616,0.8101266026496887,0.8827586174011229,768.0,48420.0,180.0,102.0,24734,50.14818024635315,2_T_64,2_T_0_0_0_0_0_30_10,13,14,1,0.8448844980210094
