,letter,mean base 8,mean base 32,mean base 64
0,G,0.0006016305997036397,0.00042640251922421163,0.0005827777204103768
1,T,0.006404962856322527,0.007950774393975735,0.0075383204966783515
