,letters,metric
0,F,0.4834513921686579
1,G,0.9757034520854626
