,phase,letter,model_group,datastream_scheme,location_scheme,ds_combo,l_combo,input_days,output_days,loss,mse,mape,mae,dataset_size,training_time,experiment_name,dataset_name,epochs,inputs,outputs,network,Max_or_Min
1,7.0,G,0.0,0.0,0.0,0.0,0.0,30.0,10.0,0.0004264027229510248,0.00042640251922421163,29030.42578125,0.01214643567800522,24734.0,164.34373426437378,7_G_32,7_G_0_0_0_0_0_30_10,52.0,14.0,18.0,Network 2,Min
0,7.0,G,0.0,0.0,0.0,0.0,0.0,30.0,10.0,0.0006016307743266225,0.0006016305997036397,58165.77734375,0.014724896289408209,24734.0,184.14284992218015,7_G_8,7_G_0_0_0_0_0_30_10,61.0,14.0,18.0,Network 2,Max
0,7.0,T,0.0,0.0,0.0,0.0,0.0,30.0,10.0,0.006404964253306389,0.006404962856322527,59856.04296875,0.04488056525588036,24734.0,71.49117827415465,7_T_8,7_T_0_0_0_0_0_30_10,23.0,10.0,18.0,Network 3,Min
1,7.0,T,0.0,0.0,0.0,0.0,0.0,30.0,10.0,0.00795077346265316,0.007950774393975735,10235.873046875,0.04681924358010292,24734.0,76.72126293182373,7_T_32,7_T_0_0_0_0_0_30_10,24.0,10.0,18.0,Network 3,Max
