,letter,input_days,output_days,experiment_name,weighted_metric,mean_metric,min_or_max
1,G,30,10,7_G_32,0.00042640251922421163,0.000536936946446076,Min
0,G,30,10,7_G_8,0.0006016305997036397,0.000536936946446076,Max
0,T,30,10,7_T_8,0.006404962856322527,0.007298019248992204,Min
1,T,30,10,7_T_32,0.007950774393975735,0.007298019248992204,Max
