,letters,metric
0,C,0.8961892406120547
1,A,0.8961892406120547
