,letter,mean base 8,mean base 32,mean base 64
0,C,0.41910886153012433,0.2232997662595281,0.21278437805651743
1,F,0.4208188249421417,0.36231822059986357,0.3022825828465154
2,A,0.4043067069338654,0.26341400743218746,0.04740503071970168
3,G,0.3768564725543472,0.2481357771818481,0.4108176539049176
4,T,0.18562539300881634,0.4663886640835733,0.4487452117236141
5,AD,0.22145176509538966,0.4389517632029904,0.6889329305866227
