,letters,metric
0,F,0.3618065427961736
1,AD,0.44977881962833427
