,letters,metric
0,F,0.39553707492541984
1,G,0.33505081637179374
