letter,input_days,output_days,experiment_name,weighted_metric
G,300,10,17_G_8,0.0006689956644549966
G,300,10,17_G_32,0.00028689240571111435
G,300,10,17_G_64,0.00024948650388978416
