letter,input_days,output_days,experiment_name,weighted_metric
T,300,10,17_T_8,0.005243305582553147
T,300,10,17_T_32,0.00721760978922248
T,300,10,17_T_64,0.006002332549542189
