,letters,metric
0,C,0.07599351628265745
1,T,0.370095282005995
