,phase,letter,model_group,datastream_scheme,location_scheme,ds_combo,l_combo,input_days,output_days,loss,mse,binary_accuracy,precision,recall,true_positives,true_negatives,false_positives,false_negatives,dataset_size,training_time,experiment_name,dataset_name,epochs,inputs,outputs,f1
0,12,C,0,1,0,1,0,300,10,0.23684024810791016,0.2368402630090713,0.5142447352409363,0.851678729057312,0.26437994837760925,8016.0,17074.0,1396.0,22304.0,24392,58.156721353530884,12_C_8,12_C_0_1_0_1_0_300_10,13,5,1,0.4035034769676969
1,12,C,0,1,0,1,0,300,10,0.2365477681159973,0.2365476936101913,0.4804263114929199,1.0,0.16391821205615995,4970.0,18470.0,0.0,25350.0,24392,142.3120536804199,12_C_32,12_C_0_1_0_1_0_300_10,26,5,1,0.28166620361852496
2,12,C,0,1,0,1,0,300,10,0.2493424564599991,0.24934260547161105,0.5728632807731628,0.6214388012886047,0.8000000119209291,24256.0,3694.0,14776.0,6064.0,24392,112.131206035614,12_C_64,12_C_0_1_0_1_0_300_10,13,5,1,0.6995039727618959
3,12,C,0,1,0,2,0,300,10,0.24956153333187106,0.24956150352954865,0.5243492722511292,0.6212126612663269,0.6011543273925781,18227.0,7356.0,11114.0,12093.0,24392,86.76224040985106,12_C_8,12_C_0_1_0_2_0_300_10,19,5,1,0.6110189215123184
4,12,C,0,1,0,2,0,300,10,0.2535865008831024,0.25358647108078003,0.3781102597713471,0.4642857015132904,0.004716358613222837,143.0,18305.0,165.0,30177.0,24392,82.03145456314088,12_C_32,12_C_0_1_0_2_0_300_10,15,5,1,0.009337860335785018
5,12,C,0,1,0,2,0,300,10,0.25495344400405884,0.2549535930156708,0.37839722633361816,0.4310344755649567,0.0008245382341556251,25.0,18437.0,33.0,30295.0,24392,120.44134545326231,12_C_64,12_C_0_1_0_2_0_300_10,14,5,1,0.001645927925486574
6,12,C,0,1,0,3,0,300,10,0.2663328945636749,0.2663327753543854,0.355052262544632,0.2851255238056183,0.025098944082856182,761.0,16562.0,1908.0,29559.0,24392,60.01010298728943,12_C_8,12_C_0_1_0_3_0_300_10,13,8,1,0.04613659023932952
7,12,C,0,1,0,3,0,300,10,0.33338844776153564,0.3333883881568909,0.2382660359144211,0.3482194244861603,0.2589709758758545,7852.0,3773.0,14697.0,22468.0,24392,81.79503059387206,12_C_32,12_C_0_1_0_3_0_300_10,15,8,1,0.2970360668559438
8,12,C,0,1,0,3,0,300,10,0.249225914478302,0.2492259740829468,0.6214388012886047,0.6214388012886047,1.0,30320.0,0.0,18470.0,0.0,24392,121.57207250595093,12_C_64,12_C_0_1_0_3_0_300_10,14,8,1,0.7665276059691296
