,phase,letter,model_group,datastream_scheme,location_scheme,ds_combo,l_combo,input_days,output_days,loss,mse,binary_accuracy,precision,recall,true_positives,true_negatives,false_positives,false_negatives,dataset_size,training_time,experiment_name,dataset_name,epochs,inputs,outputs,f1
0,12,F,0,1,0,1,0,300,10,0.23704150319099426,0.2370414435863495,0.4448862373828888,0.9996911883354188,0.10676121711730956,3237.0,18469.0,1.0,27083.0,24392,94.1578733921051,12_F_8,12_F_0_1_0_1_0_300_10,21,4,1,0.19291972701612725
1,12,F,0,1,0,1,0,300,10,0.24618276953697205,0.2461828738451004,0.6214388012886047,0.6214388012886047,1.0,30320.0,0.0,18470.0,0.0,24392,135.62414526939392,12_F_32,12_F_0_1_0_1_0_300_10,25,4,1,0.7665276059691296
2,12,F,0,1,0,1,0,300,10,0.2548959255218506,0.25489598512649536,0.3785611689090729,0.0,0.0,0.0,18470.0,0.0,30320.0,24392,103.26374840736388,12_F_64,12_F_0_1_0_1_0_300_10,12,4,1,0.0
3,12,F,0,1,0,2,0,300,10,0.25186648964881897,0.2518665492534637,0.3797294497489929,0.8000000119209291,0.0025065962690860033,76.0,18451.0,19.0,30244.0,24392,122.23944425582886,12_F_8,12_F_0_1_0_2_0_300_10,27,4,1,0.0049975340381868995
4,12,F,0,1,0,2,0,300,10,0.2504272758960724,0.25042712688446045,0.4234064221382141,0.6216907501220703,0.18433377146720886,5589.0,15069.0,3401.0,24731.0,24392,97.98463821411131,12_F_32,12_F_0_1_0_2_0_300_10,18,4,1,0.2843551221749917
5,12,F,0,1,0,2,0,300,10,0.249288871884346,0.2492888420820236,0.621418297290802,0.6214310526847839,0.9999670386314392,30319.0,0.0,18470.0,1.0,24392,171.7429156303406,12_F_64,12_F_0_1_0_2_0_300_10,20,4,1,0.7665120278541476
6,12,F,0,1,0,3,0,300,10,0.4233715832233429,0.4233715832233429,0.24343103170394895,0.3262897133827209,0.2042216360569,6192.0,5685.0,12785.0,24128.0,24392,90.61405968666077,12_F_8,12_F_0_1_0_3_0_300_10,20,6,1,0.25121203972711703
7,12,F,0,1,0,3,0,300,10,0.2492806613445282,0.24928060173988345,0.6214388012886047,0.6214388012886047,1.0,30320.0,0.0,18470.0,0.0,24392,103.80274987220764,12_F_32,12_F_0_1_0_3_0_300_10,19,6,1,0.7665276059691296
8,12,F,0,1,0,3,0,300,10,0.2504054605960846,0.250405490398407,0.4028489589691162,0.6214388012886047,0.10000000149011612,3032.0,16623.0,1847.0,27288.0,24392,103.38366293907166,12_F_64,12_F_0_1_0_3_0_300_10,12,6,1,0.17227762303752095
