letter,input_days,output_days,experiment_name,weighted_metric
C,30,10,6_C_8,0.1406919277687155
C,30,10,6_C_32,0.47802198109902
C,30,10,6_C_64,0.460317454190301
