,letter,mean base 8,mean base 32,mean base 64
0,C,0.28516823364762195,0.2969640134677783,0.29455610563073836
1,F,0.312743939893274,0.508036478435134,0.3403202960425671
2,A,0.479866500256,0.3592750797700587,0.35180018579640043
3,G,0.3807870292585324,0.3540869264181267,0.4465083074283454
4,T,0.4386406482993348,0.4409238128849584,0.5243708541889713
5,AD,0.37109075767796,0.44170971054360986,0.4154512550934421
