,letters,metric
0,F,0.43004909153064014
1,T,0.6614041039830508
