,letters,metric
0,F,0.3870335714569917
1,T,0.46797843845775483
