,Unnamed: 0,phase,letter,model_group,datastream_scheme,location_scheme,ds_combo,l_combo,input_days,output_days,loss,mse,binary_accuracy,precision,recall,true_positives,true_negatives,false_positives,false_negatives,dataset_size,training_time,experiment_name,dataset_name,epochs,inputs,outputs,f1,network,Max_or_Min
2,2,4,A,0,0,0,0,0,30,10,0.18115222454071045,0.18115219473838806,0.647018313407898,0.4165825545787811,0.3044547140598297,13621.0,78385.0,19076.0,31118.0,23697,40.078469514846795,4_A_64,4_A_0_0_0_0_0_30_10,11,18,3,0.35180018579640043,Network 1,Min
0,0,4,A,0,0,0,0,0,30,10,0.2321314066648484,0.23213136196136475,0.677798867225647,0.4875657558441162,0.4724066257476807,21135.0,75248.0,22213.0,23604.0,23697,77.5238814353943,4_A_8,4_A_0_0_0_0_0_30_10,22,18,3,0.479866500256,Network 1,Max
1,1,4,G,0,0,0,0,0,30,10,0.1929294317960739,0.19292941689491272,0.6404008269309998,0.4071104824542999,0.3132837116718292,14016.0,77049.0,20412.0,30723.0,23697,39.28464770317077,4_G_32,4_G_0_0_0_0_0_30_10,11,14,3,0.3540869264181267,Network 2,Min
2,2,4,G,0,0,0,0,0,30,10,0.21416287124156952,0.21416281163692474,0.6844162940979004,0.4981149733066559,0.4045910835266113,18101.0,79223.0,18238.0,26638.0,23697,51.04856634140015,4_G_64,4_G_0_0_0_0_0_30_10,14,14,3,0.4465083074283454,Network 2,Max
0,0,4,T,0,0,0,0,0,30,10,0.18884554505348208,0.1888454556465149,0.6502320766448975,0.4430258572101593,0.4343414008617401,19432.0,73031.0,24430.0,25307.0,23697,54.06750965118408,4_T_8,4_T_0_0_0_0_0_30_10,15,14,3,0.4386406482993348,Network 3,Min
2,2,4,T,0,0,0,0,0,30,10,0.1778676062822342,0.177867591381073,0.6824824213981628,0.4958955943584442,0.556315541267395,24889.0,72160.0,25301.0,19850.0,23697,44.56452989578247,4_T_64,4_T_0_0_0_0_0_30_10,12,14,3,0.5243708541889713,Network 3,Max
0,0,4,AD,0,0,0,0,0,30,10,0.1785801202058792,0.17858007550239566,0.6816666722297668,0.4903076589107514,0.2985091209411621,13355.0,83578.0,13883.0,31384.0,23697,46.05845046043396,4_AD_8,4_AD_0_0_0_0_0_30_10,13,13,3,0.37109075767796,Network 4,Min
1,1,4,AD,0,0,0,0,0,30,10,0.20950007438659668,0.20950017869472504,0.6905415058135986,0.5107681751251221,0.3891012370586395,17408.0,80787.0,16674.0,27331.0,23697,54.83627581596375,4_AD_32,4_AD_0_0_0_0_0_30_10,15,13,3,0.44170971054360986,Network 4,Max
