,phase,letter,model_group,datastream_scheme,location_scheme,ds_combo,l_combo,input_days,output_days,loss,mse,binary_accuracy,precision,recall,true_positives,true_negatives,false_positives,false_negatives,dataset_size,training_time,experiment_name,dataset_name,epochs,inputs,outputs,f1
0,9,G,0,0,0,0,0,30,10,0.22743208706378934,0.22743207216262815,0.6680168509483337,0.5082408189773561,0.6578145623207092,10577.0,21087.0,10234.0,5502.0,23697,43.691328048706055,9_G_8,9_G_0_0_0_0_0_30_10,12,14,1,0.573434533644415
1,9,G,0,0,0,0,0,30,10,0.27056607604026794,0.27056610584259033,0.6438185572624207,0.4865497946739197,0.9044094681739808,14542.0,15975.0,15346.0,1537.0,23697,57.46754240989685,9_G_32,9_G_0_0_0_0_0_30_10,16,14,1,0.632714778634487
2,9,G,0,0,0,0,0,30,10,0.194387286901474,0.1943872720003128,0.7382067441940308,0.6052782535552979,0.6561353206634521,10550.0,24441.0,6880.0,5529.0,23697,49.17703413963318,9_G_64,9_G_0_0_0_0_0_30_10,13,14,1,0.6296815716971954
