,phase,letter,model_group,datastream_scheme,location_scheme,ds_combo,l_combo,input_days,output_days,loss,mse,binary_accuracy,precision,recall,true_positives,true_negatives,false_positives,false_negatives,dataset_size,training_time,experiment_name,dataset_name,epochs,inputs,outputs,f1
0,9,T,0,0,0,0,0,30,10,0.2291663289070129,0.2291662991046905,0.67862868309021,0.5200227499008179,0.6832514405250549,10986.0,21181.0,10140.0,5093.0,23697,54.144282102584846,9_T_8,9_T_0_0_0_0_0_30_10,15,14,1,0.5905658008833069
1,9,T,0,0,0,0,0,30,10,0.21845443546772006,0.21845443546772006,0.6772573590278625,0.5137727856636047,0.9059643149375916,14567.0,17535.0,13786.0,1512.0,23697,42.76024746894837,9_T_32,9_T_0_0_0_0_0_30_10,12,14,1,0.6556985932116642
2,9,T,0,0,0,0,0,30,10,0.16690051555633545,0.16690053045749664,0.8076371550559998,0.6988061666488647,0.7608681917190552,12234.0,26048.0,5273.0,3845.0,23697,39.79229831695557,9_T_64,9_T_0_0_0_0_0_30_10,11,14,1,0.7285178112942207
