,letters,metric
0,C,0.38963883112942793
1,AD,0.6662391637958659
