,letter,mean base 8,mean base 32,mean base 64
0,G,0.629213474619507,0.7816711586381779,0.0
1,T,0.8613861530607276,0.8537378017591081,0.9775280912571702
