letter,input_days,output_days,experiment_name,weighted_metric
A,30,10,19_A_8,0.0010340176522731779
A,30,10,19_A_32,0.0005169802461750804
A,30,10,19_A_64,0.0007153674378059803
