letter,input_days,output_days,experiment_name,weighted_metric
C,30,10,19_C_8,0.0017857542390831644
C,30,10,19_C_32,0.0008695869021014208
C,30,10,19_C_64,0.0008202215119834162
