,letters,metric
0,F,0.4109536285028324
1,G,0.4482444843479238
