,letters,metric
0,C,0.8869282763980847
1,A,0.8869282763980847
