,letters,metric
0,E,4.976341491177058e-05
1,S,0.02228829264640808
