,letter,mean base 8,mean base 32,mean base 64
0,G,0.0006689956644549966,0.00028689240571111435,0.00024948650388978416
1,T,0.005243305582553147,0.00721760978922248,0.006002332549542189
