letter,input_days,output_days,experiment_name,weighted_metric
T,30,10,2_T_8,0.4354304644791753
T,30,10,2_T_32,0.6143628140718532
T,30,10,2_T_64,0.8448844980210094
