,letters,metric
0,F,0.3178788406291599
1,AD,0.9245912898672444
