letter,input_days,output_days,experiment_name,weighted_metric
AD,300,10,24_AD_8,0.0007528392598032951
AD,300,10,24_AD_32,0.0003606740792747587
AD,300,10,24_AD_64,0.00039125743205659086
