letter,input_days,output_days,experiment_name,weighted_metric
F,300,10,24_F_8,0.0005741467401902709
F,300,10,24_F_32,0.0005422614501892693
F,300,10,24_F_64,0.0005533610245846729
