letter,input_days,output_days,experiment_name,weighted_metric
G,300,10,24_G_8,0.0007057070033624767
G,300,10,24_G_32,0.0006331404438242316
G,300,10,24_G_64,0.0008065862348303199
