,letters,metric
0,C,0.7246976175250519
1,AD,0.747237992111412
