letter,input_days,output_days,experiment_name,weighted_metric
G,30,10,3_G_8,0.3768564725543472
G,30,10,3_G_32,0.2481357771818481
G,30,10,3_G_64,0.4108176539049176
