letter,input_days,output_days,experiment_name,weighted_metric
A,300,10,14_A_8,0.4077412120269333
A,300,10,14_A_32,0.5211902598264874
A,300,10,14_A_64,0.4987158930669553
