letter,input_days,output_days,experiment_name,weighted_metric
AD,300,10,14_AD_8,0.38840710727785377
AD,300,10,14_AD_32,0.4165859104385707
AD,300,10,14_AD_64,0.37716987627812987
