letter,input_days,output_days,experiment_name,weighted_metric
C,300,10,14_C_8,0.19198359410090016
C,300,10,14_C_32,0.3037542698609097
C,300,10,14_C_64,0.1355470112471267
