letter,input_days,output_days,experiment_name,weighted_metric
AD,30,10,6_AD_8,0.0004942954401485622
AD,30,10,6_AD_32,0.00031395294354297215
AD,30,10,6_AD_64,0.00030080787837505335
