letter,input_days,output_days,experiment_name,weighted_metric
C,30,10,6_C_8,0.0006839307584764006
C,30,10,6_C_32,0.0006161304459405633
C,30,10,6_C_64,0.0007273569488181518
