letter,input_days,output_days,experiment_name,weighted_metric
T,30,10,6_T_8,0.0006270589074119924
T,30,10,6_T_32,0.0006236218032427133
T,30,10,6_T_64,0.0005353316082619131
