letter,input_days,output_days,experiment_name,weighted_metric
A,300,10,15_A_8,0.000451987114502117
A,300,10,15_A_32,0.0003864956670440733
A,300,10,15_A_64,0.0007076917099766432
