letter,input_days,output_days,experiment_name,weighted_metric
AD,300,10,15_AD_8,0.0005733958096243441
AD,300,10,15_AD_32,0.0005800884100608528
AD,300,10,15_AD_64,0.0005327615072019398
