letter,input_days,output_days,experiment_name,weighted_metric
G,300,10,15_G_8,0.000389860913855955
G,300,10,15_G_32,0.00026728128432296216
G,300,10,15_G_64,0.0002541700087022037
