letter,input_days,output_days,experiment_name,weighted_metric
T,300,10,15_T_8,0.00047666896716691554
T,300,10,15_T_32,0.0005666418001055717
T,300,10,15_T_64,0.00024967294302769005
