,letters,metric
0,F,0.3227194488278254
1,T,0.6339039613103788
