letter,input_days,output_days,experiment_name,weighted_metric
AD,300,10,13_AD_8,0.7238386585726233
AD,300,10,13_AD_32,0.6567839808229959
AD,300,10,13_AD_64,0.6180948519919783
