letter,input_days,output_days,experiment_name,weighted_metric
G,300,10,13_G_8,0.6963823349859649
G,300,10,13_G_32,0.6091132612408419
G,300,10,13_G_64,0.3004752606822745
